[
  {
    "model": "task_manager.position",
    "pk": 1,
    "fields": {
      "name": "Admin"
    }
  },
  {
    "model": "task_manager.position",
    "pk": 2,
    "fields": {
      "name": "Project manager"
    }
  },
  {
    "model": "task_manager.position",
    "pk": 3,
    "fields": {
      "name": "Engineer"
    }
  },
  {
    "model": "task_manager.position",
    "pk": 4,
    "fields": {
      "name": "Designer"
    }
  },
  {
    "model": "task_manager.position",
    "pk": 5,
    "fields": {
      "name": "Electrician"
    }
  },
  {
    "model": "task_manager.position",
    "pk": 6,
    "fields": {
      "name": "Mounter"
    }
  },
  {
    "model": "task_manager.employee",
    "pk": 1,
    "fields": {
      "password": "pbkdf2_sha256$390000$SrkoVHVULSm03KbSi8s9wC$zJh6mma4ing2oTFDUjIx3T601TAr9Ymj4bk7tJa8PO8=",
      "last_login": "2023-03-11 13:50:55.475799",
      "is_superuser": true,
      "username": "admin.user",
      "first_name": "Admin",
      "last_name": "User",
      "email": "admin.user@admin.com",
      "is_staff": true,
      "is_active": true,
      "date_joined": "2023-03-10 23:03:13.279053",
      "phone_number": "+380677999213",
      "number_of_completed_tasks": 0,
      "position_id": 1
    }
  },
  {
    "model": "task_manager.employee",
    "pk": 2,
    "fields": {
      "password": "pbkdf2_sha256$390000$KCTZiIo1Q7Nc1cepsKhTAr$Fn5EZEbupX2eG6/CWnno+dxqjy613JBZHAMj/f9zMaY=",
      "last_login": "2023-03-11 13:50:55.475799",
      "is_superuser": false,
      "username": "CarlFr",
      "first_name": "Rick",
      "last_name": "Novak",
      "email": "ricknovak@gmail.com",
      "is_staff": true,
      "is_active": true,
      "date_joined": "2023-03-10 23:03:13.279053",
      "phone_number": "+380678969223",
      "number_of_completed_tasks": 0,
      "position_id": 2
    }
  },
  {
    "model": "task_manager.employee",
    "pk": 3,
    "fields": {
      "password": "pbkdf2_sha256$390000$KCTZiIo1Q7Nc1cepsKhTAr$Fn5EZEbupX2eG6/CWnno+dxqjy613JBZHAMj/f9zMaY=",
      "last_login": "2023-03-11 13:50:55.475799",
      "is_superuser": false,
      "username": "Ron",
      "first_name": "Ronald",
      "last_name": "Bar",
      "email": "ronaldar@gmail.com",
      "is_staff": true,
      "is_active": true,
      "date_joined": "2023-03-10 23:03:13.279053",
      "phone_number": "+380667981217",
      "number_of_completed_tasks": 0,
      "position_id": 3
    }
  },
  {
    "model": "task_manager.employee",
    "pk": 4,
    "fields": {
      "password": "pbkdf2_sha256$390000$KCTZiIo1Q7Nc1cepsKhTAr$Fn5EZEbupX2eG6/CWnno+dxqjy613JBZHAMj/f9zMaY=",
      "last_login": "2023-03-11 13:50:55.475799",
      "is_superuser": false,
      "username": "Jefffff",
      "first_name": "Jef",
      "last_name": "Jonson",
      "email": "jonson@gmail.com",
      "is_staff": true,
      "is_active": true,
      "date_joined": "2023-03-10 23:03:13.279053",
      "phone_number": "+380997979123",
      "number_of_completed_tasks": 0,
      "position_id": 5
    }
  },
  {
    "model": "task_manager.employee",
    "pk": 5,
    "fields": {
      "password": "pbkdf2_sha256$390000$KCTZiIo1Q7Nc1cepsKhTAr$Fn5EZEbupX2eG6/CWnno+dxqjy613JBZHAMj/f9zMaY=",
      "last_login": "2023-03-11 13:50:55.475799",
      "is_superuser": false,
      "username": "PrSton",
      "first_name": "Carl",
      "last_name": "Preston",
      "email": "preston@gmail.com",
      "is_staff": true,
      "is_active": true,
      "date_joined": "2023-03-10 23:03:13.279053",
      "phone_number": "+380987876143",
      "number_of_completed_tasks": 0,
      "position_id": 3
    }
  },
  {
    "model": "task_manager.employee",
    "pk": 6,
    "fields": {
      "password": "pbkdf2_sha256$390000$KCTZiIo1Q7Nc1cepsKhTAr$Fn5EZEbupX2eG6/CWnno+dxqjy613JBZHAMj/f9zMaY=",
      "last_login": "2023-03-11 13:50:55.475799",
      "is_superuser": false,
      "username": "JohnPres",
      "first_name": "John",
      "last_name": "Rick",
      "email": "jonson@gmail.com",
      "is_staff": true,
      "is_active": true,
      "date_joined": "2023-03-10 23:03:13.279053",
      "phone_number": "+380667978523",
      "number_of_completed_tasks": 0,
      "position_id": 6
    }
  },
  {
    "model": "task_manager.employee",
    "pk": 7,
    "fields": {
      "password": "pbkdf2_sha256$390000$KCTZiIo1Q7Nc1cepsKhTAr$Fn5EZEbupX2eG6/CWnno+dxqjy613JBZHAMj/f9zMaY=",
      "last_login": "2023-03-11 13:50:55.475799",
      "is_superuser": false,
      "username": "william",
      "first_name": "Will",
      "last_name": "Smith",
      "email": "william@gmail.com",
      "is_staff": true,
      "is_active": true,
      "date_joined": "2023-03-10 23:03:13.279053",
      "phone_number": "+380997745125",
      "number_of_completed_tasks": 0,
      "position_id": 3
    }
  },
  {
    "model": "task_manager.employee",
    "pk": 8,
    "fields": {
      "password": "pbkdf2_sha256$390000$KCTZiIo1Q7Nc1cepsKhTAr$Fn5EZEbupX2eG6/CWnno+dxqjy613JBZHAMj/f9zMaY=",
      "last_login": "2023-03-11 13:50:55.475799",
      "is_superuser": false,
      "username": "RoBoot",
      "first_name": "Robert",
      "last_name": "Nickson",
      "email": "nickson@gmail.com",
      "is_staff": true,
      "is_active": true,
      "date_joined": "2023-03-10 23:03:13.279053",
      "phone_number": "+38067852193",
      "number_of_completed_tasks": 0,
      "position_id": 4
    }
  },
  {
    "model": "task_manager.project",
    "pk": 1,
    "fields": {
      "name": "Hotel Dream",
      "registration_number": "1",
      "address": "Gorlovka, Donetskaya oblast, Vul. Sіchneva, bld. 1"
    }
  },
  {
    "model": "task_manager.project",
    "pk": 2,
    "fields": {
      "name": "N. Apartment 37",
      "registration_number": "2",
      "address": "Nikopol, Dnepropetrovskaya oblast, Dobrolyubova Ul., bld. 19/3, appt. 37"
    }
  },
  {
    "model": "task_manager.project",
    "pk": 3,
    "fields": {
      "name": "Riviera House",
      "registration_number": "3",
      "address": "Vinnitsa, Vinnitskaya oblast, Vul. Mikhaylovskogo, bld. 82"
    }
  },
  {
    "model": "task_manager.project",
    "pk": 4,
    "fields": {
      "name": "Od. Apartment 70",
      "registration_number": "4",
      "address": "Odessa, Odesskaya oblast, Petrova Generala Ul., bld. 61, appt. 70"
    }
  },
    {
    "model": "task_manager.project",
    "pk": 5,
    "fields": {
      "name": "Central Park",
      "registration_number": "5",
      "address": "Belaya Tserkov, Kievskaya oblast, Zelenaya Ul."
    }
  },
    {
    "model": "task_manager.project",
    "pk": 6,
    "fields": {
      "name": "Baby House",
      "registration_number": "6",
      "address": "Kiev, Kievskaya oblast, Petrova Generala Ul., Sosninykh Semi Ul., bld. 9"
    }
  },
    {
    "model": "task_manager.project",
    "pk": 7,
    "fields": {
      "name": "Carlson Street",
      "registration_number": "7",
      "address": "Chernigov, CHernigovskaya oblast, Volkovicha Vul., bld. 6, appt. 54"
    }
  },
  {
    "model": "task_manager.typeofwork",
    "pk": 1,
    "fields": {
      "name": "Designing"
    }
  },
  {
    "model": "task_manager.typeofwork",
    "pk": 2,
    "fields": {
      "name": "Purchasing"
    }
  },
  {
    "model": "task_manager.typeofwork",
    "pk": 3,
    "fields": {
      "name": "Teaching"
    }
  },
  {
    "model": "task_manager.typeofwork",
    "pk": 4,
    "fields": {
      "name": "Assembling"
    }
  },
  {
    "model": "task_manager.typeofwork",
    "pk": 5,
    "fields": {
      "name": "Transportation"
    }
  },
  {
    "model": "task_manager.typeofwork",
    "pk": 6,
    "fields": {
      "name": "Checking"
    }
  },
  {
    "model": "task_manager.typeofwork",
    "pk": 7,
    "fields": {
      "name": "Projection"
    }
  },
  {
    "model": "task_manager.typeofwork",
    "pk": 8,
    "fields": {
      "name": "Correction"
    }
  },
  {
    "model": "task_manager.task",
    "pk": 1,
    "fields": {
      "project": 1,
      "type_of_work": 1,
      "description": "Lorem Ipsum is simply dummy text of the printing and typesetting industry. Lorem Ipsum has been the industry's standard dummy text ever since the 1500s, when an unknown printer took a galley of type and scrambled it to make a type specimen book. It has survived not only five centuries, but also the leap into electronic typesetting, remaining essentially unchanged. It was popularised in the 1960s with the release of Letraset sheets containing Lorem Ipsum passages, and more recently with desktop publishing software like Aldus PageMaker including versions of Lorem Ipsum.",
      "urgency": 1,
      "price": 10,
      "creation_date": "2023-03-10 23:03:13",
      "employees": [
        1
      ]
    }
  },
  {
    "model": "task_manager.task",
    "pk": 2,
    "fields": {
      "project": 2,
      "type_of_work": 2,
      "description": "Lorem Ipsum is simply dummy text of the printing and typesetting industry. Lorem Ipsum has been the industry's standard dummy text ever since the 1500s, when an unknown printer took a galley of type and scrambled it to make a type specimen book. It has survived not only five centuries, but also the leap into electronic typesetting, remaining essentially unchanged. It was popularised in the 1960s with the release of Letraset sheets containing Lorem Ipsum passages, and more recently with desktop publishing software like Aldus PageMaker including versions of Lorem Ipsum.",
      "urgency": 2,
      "price": 11,
      "creation_date": "2023-03-10 12:22:00",
      "employees": [
        3
      ]
    }
  },
  {
    "model": "task_manager.task",
    "pk": 3,
    "fields": {
      "project": 3,
      "type_of_work": 3,
      "description": "Lorem Ipsum is simply dummy text of the printing and typesetting industry. Lorem Ipsum has been the industry's standard dummy text ever since the 1500s, when an unknown printer took a galley of type and scrambled it to make a type specimen book. It has survived not only five centuries, but also the leap into electronic typesetting, remaining essentially unchanged. It was popularised in the 1960s with the release of Letraset sheets containing Lorem Ipsum passages, and more recently with desktop publishing software like Aldus PageMaker including versions of Lorem Ipsum.",
      "urgency": 2,
      "price": 5,
      "creation_date": "2023-03-10 15:22:00",
      "employees": [
        4
      ]
    }
  },
  {
    "model": "task_manager.task",
    "pk": 4,
    "fields": {
      "project": 3,
      "type_of_work": 2,
      "description": "Lorem Ipsum is simply dummy text of the printing and typesetting industry. Lorem Ipsum has been the industry's standard dummy text ever since the 1500s, when an unknown printer took a galley of type and scrambled it to make a type specimen book. It has survived not only five centuries, but also the leap into electronic typesetting, remaining essentially unchanged. It was popularised in the 1960s with the release of Letraset sheets containing Lorem Ipsum passages, and more recently with desktop publishing software like Aldus PageMaker including versions of Lorem Ipsum.",
      "urgency": 1,
      "price": 15,
      "creation_date": "2023-03-10 18:00:00",
      "employees": [
        4
      ]
    }
  },
  {
    "model": "task_manager.task",
    "pk": 5,
    "fields": {
      "project": 4,
      "type_of_work": 2,
      "description": "Lorem Ipsum is simply dummy text of the printing and typesetting industry. Lorem Ipsum has been the industry's standard dummy text ever since the 1500s, when an unknown printer took a galley of type and scrambled it to make a type specimen book. It has survived not only five centuries, but also the leap into electronic typesetting, remaining essentially unchanged. It was popularised in the 1960s with the release of Letraset sheets containing Lorem Ipsum passages, and more recently with desktop publishing software like Aldus PageMaker including versions of Lorem Ipsum.",
      "urgency": 2,
      "price": 13,
      "creation_date": "2023-03-11 07:30:00",
      "employees": [
        2
      ]
    }
  },
  {
    "model": "task_manager.task",
    "pk": 6,
    "fields": {
      "project": 4,
      "type_of_work": 2,
      "description": "Lorem Ipsum is simply dummy text of the printing and typesetting industry. Lorem Ipsum has been the industry's standard dummy text ever since the 1500s, when an unknown printer took a galley of type and scrambled it to make a type specimen book. It has survived not only five centuries, but also the leap into electronic typesetting, remaining essentially unchanged. It was popularised in the 1960s with the release of Letraset sheets containing Lorem Ipsum passages, and more recently with desktop publishing software like Aldus PageMaker including versions of Lorem Ipsum.",
      "urgency": 3,
      "price": 12,
      "creation_date": "2023-03-11 12:50:00",
      "employees": [
        4
      ]
    }
  },
  {
    "model": "task_manager.task",
    "pk": 7,
    "fields": {
      "project": 1,
      "type_of_work": 1,
      "description": "Lorem Ipsum is simply dummy text of the printing and typesetting industry. Lorem Ipsum has been the industry's standard dummy text ever since the 1500s, when an unknown printer took a galley of type and scrambled it to make a type specimen book. It has survived not only five centuries, but also the leap into electronic typesetting, remaining essentially unchanged. It was popularised in the 1960s with the release of Letraset sheets containing Lorem Ipsum passages, and more recently with desktop publishing software like Aldus PageMaker including versions of Lorem Ipsum.",
      "urgency": 3,
      "price": 10,
      "creation_date": "2023-03-11 13:50:00",
      "employees": [
        4
      ]
    }
  },
  {
    "model": "task_manager.task",
    "pk": 8,
    "fields": {
      "project": 1,
      "type_of_work": 3,
      "description": "Lorem Ipsum is simply dummy text of the printing and typesetting industry. Lorem Ipsum has been the industry's standard dummy text ever since the 1500s, when an unknown printer took a galley of type and scrambled it to make a type specimen book. It has survived not only five centuries, but also the leap into electronic typesetting, remaining essentially unchanged. It was popularised in the 1960s with the release of Letraset sheets containing Lorem Ipsum passages, and more recently with desktop publishing software like Aldus PageMaker including versions of Lorem Ipsum.",
      "urgency": 2,
      "price": 15,
      "creation_date": "2023-03-11 07:30:00",
      "employees": [
        6
      ]
    }
  },
  {
    "model": "task_manager.task",
    "pk": 9,
    "fields": {
      "project": 3,
      "type_of_work": 5,
      "description": "Lorem Ipsum is simply dummy text of the printing and typesetting industry. Lorem Ipsum has been the industry's standard dummy text ever since the 1500s, when an unknown printer took a galley of type and scrambled it to make a type specimen book. It has survived not only five centuries, but also the leap into electronic typesetting, remaining essentially unchanged. It was popularised in the 1960s with the release of Letraset sheets containing Lorem Ipsum passages, and more recently with desktop publishing software like Aldus PageMaker including versions of Lorem Ipsum.",
      "urgency": 1,
      "price": 25,
      "creation_date": "2023-03-11 15:00:00",
      "employees": [
        6
      ]
    }
  },
  {
    "model": "task_manager.task",
    "pk": 10,
    "fields": {
      "project": 1,
      "type_of_work": 6,
      "description": "Lorem Ipsum is simply dummy text of the printing and typesetting industry. Lorem Ipsum has been the industry's standard dummy text ever since the 1500s, when an unknown printer took a galley of type and scrambled it to make a type specimen book. It has survived not only five centuries, but also the leap into electronic typesetting, remaining essentially unchanged. It was popularised in the 1960s with the release of Letraset sheets containing Lorem Ipsum passages, and more recently with desktop publishing software like Aldus PageMaker including versions of Lorem Ipsum.",
      "urgency": 3,
      "price": 21,
      "creation_date": "2023-03-11 15:00:00",
      "employees": [
        7
      ]
    }
  },
  {
    "model": "task_manager.task",
    "pk": 11,
    "fields": {
      "project": 2,
      "type_of_work": 4,
      "description": "Lorem Ipsum is simply dummy text of the printing and typesetting industry. Lorem Ipsum has been the industry's standard dummy text ever since the 1500s, when an unknown printer took a galley of type and scrambled it to make a type specimen book. It has survived not only five centuries, but also the leap into electronic typesetting, remaining essentially unchanged. It was popularised in the 1960s with the release of Letraset sheets containing Lorem Ipsum passages, and more recently with desktop publishing software like Aldus PageMaker including versions of Lorem Ipsum.",
      "urgency": 1,
      "price": 25,
      "creation_date": "2023-03-11 16:00:00",
      "employees": [
        8
      ]
    }
  }
]
